	ACCOACORAT
Actinobacillus_pleuropneumoniae_S8	WP_005605423.1
Actinobacillus_pleuropneumoniae_serovar_10_str_D13039	WP_005605423.1
Actinobacillus_pleuropneumoniae_serovar_11_str_56153	WP_005605423.1
Actinobacillus_pleuropneumoniae_serovar_12_str_1096	WP_005605423.1
Actinobacillus_pleuropneumoniae_serovar_13_str_N273	WP_005605423.1
Actinobacillus_pleuropneumoniae_serovar_1_str_4074	WP_005598772.1
Actinobacillus_pleuropneumoniae_serovar_2_str_4226	WP_005602179.1
Actinobacillus_pleuropneumoniae_serovar_2_str_S1536	WP_005602179.1
Actinobacillus_pleuropneumoniae_serovar_3_str_JL03	WP_005602179.1
Actinobacillus_pleuropneumoniae_serovar_4_str_M62	WP_005605423.1
Actinobacillus_pleuropneumoniae_serovar_6_str_Femo	WP_005605423.1
Actinobacillus_pleuropneumoniae_serovar_7_str_AP76	WP_005605423.1
Actinobacillus_pleuropneumoniae_serovar_9_str_CVJ13261	WP_005605423.1
Actinomyces_odontolyticus_F0309	WP_034512663.1
Aeromonas_dhakensis_173	WP_005307587.1
Aeromonas_dhakensis_277	WP_005307587.1
Aeromonas_dhakensis_SSU	WP_005307587.1
Aeromonas_hydrophila_14	WP_005307587.1
Aeromonas_hydrophila_187	WP_005307587.1
Aeromonas_hydrophila_259	WP_005307587.1
Aeromonas_hydrophila_ML09_119	WP_011704210.1
Aeromonas_hydrophila_SNUFPC_A8	WP_017411151.1
Aeromonas_veronii_AER39	WP_005339552.1
Aeromonas_veronii_AER397	WP_005339552.1
Aeromonas_veronii_AMC34	WP_005342052.1
Aeromonas_veronii_AMC35	WP_005339552.1
Aggregatibacter_aphrophilus_ATCC_33389	WP_005704846.1
Aggregatibacter_aphrophilus_F0387	WP_005702411.1
Bacillus_atrophaeus_1013_1	WP_003328310.1
Bacillus_atrophaeus_1013_2	WP_003328310.1
Bacillus_atrophaeus_1942	WP_003328310.1
Bacillus_atrophaeus_ATCC_49822_2	WP_003328310.1
Bacillus_atrophaeus_ATCC_9372_1	WP_003328310.1
Bacillus_atrophaeus_ATCC_9372_2	WP_003328310.1
Bacillus_atrophaeus_BACI051_E	WP_003328310.1
Bacillus_atrophaeus_BACI051_N	WP_003328310.1
Bacillus_atrophaeus_C89	WP_003328310.1
Bacillus_atrophaeus_Detrick_1	WP_003328310.1
Bacillus_atrophaeus_Detrick_2	WP_003328310.1
Bacillus_atrophaeus_Detrick_3	WP_003328310.1
Bacillus_atrophaeus_str_Dugway	WP_003328310.1
Bacillus_atrophaeus_UCMB_5137	WP_010787422.1
Bacillus_cereus_172560W	WP_000476497.1
Bacillus_cereus_AH1134	WP_000476497.1
Bacillus_cereus_AH1271	WP_000476503.1
Bacillus_cereus_AH1272	WP_000476504.1
Bacillus_cereus_ATCC_10876	WP_000476497.1
Bacillus_cereus_ATCC_14579	NP_829990.1
Bacillus_cereus_B4264	WP_000476497.1
Bacillus_cereus_BAG1O_1	WP_000476504.1
Bacillus_cereus_BAG1X1_1	WP_000476495.1
Bacillus_cereus_BAG1X1_3	WP_000476504.1
Bacillus_cereus_BAG1X2_1	WP_000476495.1
Bacillus_cereus_BAG1X2_2	WP_000476495.1
Bacillus_cereus_BAG1X2_3	WP_000476495.1
Bacillus_cereus_BAG2O_1	WP_000476495.1
Bacillus_cereus_BAG2O_2	WP_000476498.1
Bacillus_cereus_BAG2X1_1	WP_000476502.1
Bacillus_cereus_BAG2X1_3	WP_000476502.1
Bacillus_cereus_BAG3O_2	WP_000476497.1
Bacillus_cereus_BAG3X2_1	WP_000476504.1
Bacillus_cereus_BAG3X2_2	WP_000476497.1
Bacillus_cereus_BAG4O_1	WP_000476497.1
Bacillus_cereus_BAG4X12_1	WP_000476497.1
Bacillus_cereus_BAG4X2_1	WP_000476498.1
Bacillus_cereus_BAG5O_1	WP_000476498.1
Bacillus_cereus_BAG5X12_1	WP_000476497.1
Bacillus_cereus_BAG5X1_1	WP_002202056.1
Bacillus_cereus_BAG6O_1	WP_000476498.1
Bacillus_cereus_BAG6O_2	WP_002113299.1
Bacillus_cereus_BAG6X1_2	WP_002115289.1
Bacillus_cereus_BDRD_ST196	WP_002091498.1
Bacillus_cereus_BDRD_ST24	WP_000476493.1
Bacillus_cereus_BMG1_7	WP_000476497.1
Bacillus_cereus_F65185	WP_000476497.1
Bacillus_cereus_HD73	WP_000476497.1
Bacillus_cereus_HuA2_1	WP_002091498.1
Bacillus_cereus_HuA2_3	WP_000476498.1
Bacillus_cereus_HuA2_4	WP_002091498.1
Bacillus_cereus_HuA2_9	WP_002091498.1
Bacillus_cereus_HuA3_9	WP_002091498.1
Bacillus_cereus_HuA4_10	WP_002113299.1
Bacillus_cereus_HuB13_1	WP_000476497.1
Bacillus_cereus_HuB2_9	WP_000476498.1
Bacillus_cereus_HuB4_4	WP_000476495.1
Bacillus_cereus_HuB5_5	WP_000476498.1
Bacillus_cereus_ISP2954	WP_000476497.1
Bacillus_cereus_K_5975c	WP_000476495.1
Bacillus_cereus_m1550	WP_000476497.1
Bacillus_cereus_MC118	WP_002091498.1
Bacillus_cereus_MC67	WP_002091498.1
Bacillus_cereus_MSX_A1	WP_000476495.1
Bacillus_cereus_R309803	WP_000476499.1
Bacillus_cereus_Rock1_15	WP_000476497.1
Bacillus_cereus_Rock1_3	WP_000476498.1
Bacillus_cereus_Rock3_29	WP_000476498.1
Bacillus_cereus_Rock4_18	WP_000476498.1
Bacillus_cereus_Rock4_2	WP_033668225.1
Bacillus_cereus_str_Schrouff	WP_000476495.1
Bacillus_cereus_subsp_cytotoxis_NVH_391_98	WP_011983227.1
Bacillus_cereus_TIAC219	WP_000476495.1
Bacillus_cereus_VD014	WP_000476496.1
Bacillus_cereus_VD021	WP_002091498.1
Bacillus_cereus_VD022	WP_000476495.1
Bacillus_cereus_VD045	WP_000476497.1
Bacillus_cereus_VD048	WP_033710333.1
Bacillus_cereus_VD107	WP_002175440.1
Bacillus_cereus_VD115	WP_000476498.1
Bacillus_cereus_VD118	WP_016103297.1
Bacillus_cereus_VD131	WP_000476498.1
Bacillus_cereus_VD133	WP_000476497.1
Bacillus_cereus_VD140	WP_000476497.1
Bacillus_cereus_VD142	WP_002091498.1
Bacillus_cereus_VD146	WP_002169329.1
Bacillus_cereus_VD148	WP_000476498.1
Bacillus_cereus_VD154	WP_000476497.1
Bacillus_cereus_VD156	WP_000476496.1
Bacillus_cereus_VD166	WP_000476497.1
Bacillus_cereus_VD169	WP_000476497.1
Bacillus_cereus_VD184	WP_000476497.1
Bacillus_cereus_VD196	WP_000476493.1
Bacillus_cereus_VD214	WP_000476498.1
Bacillus_cereus_VDM006	WP_003194315.1
Bacillus_cereus_VDM021	WP_003194315.1
Bacillus_cereus_VDM034	WP_002091498.1
Bacillus_cereus_VDM053	WP_000476504.1
Bacillus_cereus_VDM062	WP_002091498.1
Bacillus_mycoides_AH603	WP_002091498.1
Bacillus_mycoides_AH621	WP_033710333.1
Bacillus_mycoides_CER057	WP_002091498.1
Bacillus_mycoides_CER074	WP_002091498.1
Bacillus_mycoides_VD078	WP_002169329.1
Bacillus_mycoides_VDM019	WP_016126445.1
Bacillus_mycoides_VDM022	WP_002169329.1
Bacillus_pumilus_SAFR_032	BPUM_RS05245 or WP_012009517.1
Bacteroides_cellulosilyticus_CL02T12C19	WP_007218789.1
Bacteroides_fragilis_CL05T00C42	WP_005775527.1
Bacteroides_fragilis_CL05T12C13	WP_005775527.1
Bacteroides_fragilis_CL07T00C01	WP_005775527.1
Bacteroides_fragilis_CL07T12C05	WP_005775527.1
Bacteroides_fragilis_HMW_610	WP_005809379.1
Bacteroides_salyersiae_CL02T12C01	WP_007478489.1
Bacteroides_thetaiotaomicron_dnLKV9	C799_RS19165 or C799_RS07655
Bacteroides_uniformis_CL03T00C23	WP_005832326.1
Bacteroides_uniformis_CL03T12C37	WP_005832326.1
Bifidobacterium_breve_ACS_071_V_Sch8b	HMPREF9228_RS06550
Bifidobacterium_breve_CECT_7263	CECT7263_RS04850
Bifidobacterium_breve_DPC_6330	ISE_RS0106520
Bifidobacterium_breve_DSM_20213	BBBR_RS02380 or WP_015438533.1
Brevibacillus_brevis_FJAT_0809_GLX	WP_016742856.1
Burkholderia_cenocepacia_AU_1054	WP_041489534.1
Burkholderia_cenocepacia_HI2424	WP_041489534.1
Burkholderia_cenocepacia_PC184	WP_034174521.1
Campylobacter_coli_1098	WP_002780061.1
Campylobacter_coli_111_3	WP_002780061.1
Campylobacter_coli_1148	WP_002780061.1
Campylobacter_coli_132_6	WP_002780061.1
Campylobacter_coli_1417	WP_002780061.1
Campylobacter_coli_151_9	WP_002780061.1
Campylobacter_coli_1891	WP_002780061.1
Campylobacter_coli_1909	WP_002780061.1
Campylobacter_coli_1948	WP_002780061.1
Campylobacter_coli_1957	WP_002780061.1
Campylobacter_coli_1961	WP_002780061.1
Campylobacter_coli_202_04	WP_002823200.1
Campylobacter_coli_2548	WP_002788632.1
Campylobacter_coli_2553	WP_002780061.1
Campylobacter_coli_2680	WP_002780061.1
Campylobacter_coli_2685	WP_002780061.1
Campylobacter_coli_2698	WP_002780061.1
Campylobacter_coli_317_04	WP_002826309.1
Campylobacter_coli_37_05	WP_002823200.1
Campylobacter_coli_59_2	WP_002780061.1
Campylobacter_coli_67_8	WP_002780061.1
Campylobacter_coli_7_1	WP_002780061.1
Campylobacter_coli_80352	WP_002780061.1
Campylobacter_coli_84_2	WP_002780061.1
Campylobacter_coli_86119	WP_002780061.1
Campylobacter_coli_90_3	WP_002780061.1
Campylobacter_coli_BIGS0003	WP_038854596.1
Campylobacter_coli_H56	WP_002780061.1
Campylobacter_coli_H6	WP_002780061.1
Campylobacter_coli_H8	WP_002780061.1
Campylobacter_coli_H9	WP_002845467.1
Campylobacter_coli_LMG_23336	WP_002780061.1
Campylobacter_coli_LMG_23341	WP_002780061.1
Campylobacter_coli_LMG_23342	WP_002780061.1
Campylobacter_coli_LMG_9853	WP_002780061.1
Campylobacter_coli_LMG_9854	WP_002780061.1
Campylobacter_coli_LMG_9860	WP_002780061.1
Campylobacter_coli_Z156	WP_002780061.1
Campylobacter_coli_Z163	WP_002780061.1
Campylobacter_concisus_UNSWCD	WP_002941946.1
Campylobacter_curvus_DSM_6644	WP_018136523.1
Campylobacter_jejuni_RM1221	WP_002860746.1
Campylobacter_jejuni_str_NCCP_No_15742	WP_002860746.1
Campylobacter_jejuni_subsp_doylei_269_97	WP_011990378.1
Campylobacter_jejuni_subsp_jejuni_04197	WP_002852612.1
Campylobacter_jejuni_subsp_jejuni_04199	WP_002852612.1
Campylobacter_jejuni_subsp_jejuni_110_21	WP_002852612.1
Campylobacter_jejuni_subsp_jejuni_1213	WP_002886557.1
Campylobacter_jejuni_subsp_jejuni_129_258	WP_002857174.1
Campylobacter_jejuni_subsp_jejuni_1336	WP_002861412.1
Campylobacter_jejuni_subsp_jejuni_140_16	WP_002852612.1
Campylobacter_jejuni_subsp_jejuni_1798	WP_002899225.1
Campylobacter_jejuni_subsp_jejuni_1854	WP_002928246.1
Campylobacter_jejuni_subsp_jejuni_1893	WP_002852612.1
Campylobacter_jejuni_subsp_jejuni_1997_1	WP_002899225.1
Campylobacter_jejuni_subsp_jejuni_1997_11	WP_002857174.1
Campylobacter_jejuni_subsp_jejuni_1997_7	WP_002899225.1
Campylobacter_jejuni_subsp_jejuni_2008_1025	WP_002852612.1
Campylobacter_jejuni_subsp_jejuni_2008_831	WP_002852612.1
Campylobacter_jejuni_subsp_jejuni_2008_894	WP_002893248.1
Campylobacter_jejuni_subsp_jejuni_2008_988	WP_002897406.1
Campylobacter_jejuni_subsp_jejuni_260_94	WP_002857174.1
Campylobacter_jejuni_subsp_jejuni_51037	WP_002876104.1
Campylobacter_jejuni_subsp_jejuni_53161	WP_002886557.1
Campylobacter_jejuni_subsp_jejuni_55037	WP_002866897.1
Campylobacter_jejuni_subsp_jejuni_60004	WP_002860746.1
Campylobacter_jejuni_subsp_jejuni_6399	WP_002852612.1
Campylobacter_jejuni_subsp_jejuni_81116	WP_002866897.1
Campylobacter_jejuni_subsp_jejuni_84_25	WP_002852612.1
Campylobacter_jejuni_subsp_jejuni_86605	WP_002860746.1
Campylobacter_jejuni_subsp_jejuni_87330	WP_002852612.1
Campylobacter_jejuni_subsp_jejuni_CF93_6	WP_002852612.1
Campylobacter_jejuni_subsp_jejuni_CG8421	WP_002860746.1
Campylobacter_jejuni_subsp_jejuni_D2600	WP_002852612.1
Campylobacter_jejuni_subsp_jejuni_H22082	WP_002860746.1
Campylobacter_jejuni_subsp_jejuni_HB93_13	WP_002857174.1
Campylobacter_jejuni_subsp_jejuni_IA3902	WP_002852612.1
Campylobacter_jejuni_subsp_jejuni_ICDCCJ07002	WP_010790572.1
Campylobacter_jejuni_subsp_jejuni_LMG_23210	WP_002852612.1
Campylobacter_jejuni_subsp_jejuni_LMG_23211	WP_002893248.1
Campylobacter_jejuni_subsp_jejuni_LMG_23216	WP_002871442.1
Campylobacter_jejuni_subsp_jejuni_LMG_23218	WP_002857174.1
Campylobacter_jejuni_subsp_jejuni_LMG_23223	WP_002872570.1
Campylobacter_jejuni_subsp_jejuni_LMG_23264	WP_002852612.1
Campylobacter_jejuni_subsp_jejuni_LMG_23269	WP_002876104.1
Campylobacter_jejuni_subsp_jejuni_LMG_23357	WP_002880640.1
Campylobacter_jejuni_subsp_jejuni_LMG_9081	WP_002885133.1
Campylobacter_jejuni_subsp_jejuni_LMG_9217	WP_002860746.1
Campylobacter_jejuni_subsp_jejuni_LMG_9872	WP_002893248.1
Campylobacter_jejuni_subsp_jejuni_LMG_9879	WP_002852612.1
Campylobacter_jejuni_subsp_jejuni_NCTC_11168_BN148	WP_002852612.1
Campylobacter_jejuni_subsp_jejuni_NW	WP_002860746.1
Campylobacter_jejuni_subsp_jejuni_P110B	WP_002860746.1
Campylobacter_jejuni_subsp_jejuni_P854	WP_044260574.1
Campylobacter_jejuni_subsp_jejuni_PT14	WP_002852612.1
Campylobacter_jejuni_subsp_jejuni_RB922	WP_002852612.1
Campylobacter_jejuni_subsp_jejuni_S3	WP_002860746.1
Campylobacter_jejuni_subsp_jejuni_xy259	WP_002852612.1
Campylobacter_showae_RM3277	WP_002946635.1
Citrobacter_freundii_4_7_47CFAA	WP_003024160.1
Citrobacter_freundii_GTC_09479	WP_003024160.1
Citrobacter_freundii_GTC_09629	WP_003024160.1
Citrobacter_freundii_str_ballerup_7851_39	WP_016154965.1
Clostridioides_difficile_630	WP_009889486.1
Clostridioides_difficile_6503	WP_038812113.1
Clostridioides_difficile_70_100_2010	WP_009889486.1
Clostridioides_difficile_ATCC_43255	WP_009889486.1
Clostridioides_difficile_ATCC_9689	WP_009889486.1
Clostridioides_difficile_CD37	WP_009889486.1
Clostridioides_difficile_CIP_107932	WP_009889486.1
Clostridioides_difficile_M120	WP_009905512.1
Clostridioides_difficile_QCD_23m63	WP_009905512.1
Clostridioides_difficile_QCD_37x79	WP_009889486.1
Clostridioides_difficile_QCD_63q42	WP_009889486.1
Clostridioides_difficile_QCD_66c26	WP_009889486.1
Clostridioides_difficile_QCD_76w55	WP_009889486.1
Clostridioides_difficile_QCD_97b34	WP_009889486.1
Clostridium_beijerinckii_G117	WP_017212509.1
Clostridium_botulinum_A2_str_Kyoto	WP_003355997.1
Clostridium_botulinum_A3_str_Loch_Maree	WP_003355997.1
Clostridium_botulinum_B1_str_Okra	WP_003398993.1
Clostridium_botulinum_Ba4_str_657	WP_003360499.1
Clostridium_botulinum_BKT015925	WP_013724767.1
Clostridium_botulinum_B_str_Eklund_17B	WP_012422901.1
Clostridium_botulinum_CB11_1_1	WP_012451289.1
Clostridium_botulinum_CDC66177	WP_012422901.1
Clostridium_botulinum_C_str_Eklund	WP_003363660.1
Clostridium_botulinum_E3_str_Alaska_E43	WP_012451289.1
Clostridium_botulinum_F_str_Langeland	WP_003355997.1
Clostridium_botulinum_H04402_065	WP_003355997.1
Clostridium_botulinum_NCTC_2916	WP_003355997.1
Clostridium_butyricum_5521	WP_002582125.1
Clostridium_butyricum_60E_3	WP_002582125.1
Clostridium_butyricum_DKU_01	WP_002582125.1
Clostridium_perfringens_B_str_ATCC_3626	WP_003450775.1
Clostridium_perfringens_CPE_str_F4969	WP_003450775.1
Clostridium_perfringens_C_str_JGS1495	WP_003450775.1
Clostridium_perfringens_D_str_JGS1721	WP_003476629.1
Clostridium_perfringens_E_str_JGS1987	WP_003450775.1
Clostridium_perfringens_F262	WP_003450775.1
Clostridium_perfringens_str_13	WP_003450775.1
Clostridium_perfringens_WAL_14572	WP_003477929.1
Clostridium_sporogenes_PA_3679	WP_003492005.1
Clostridium_tyrobutyricum_UC7086	WP_017753132.1
Cronobacter_sakazakii_2151	WP_004388495.1
Cronobacter_sakazakii_680	WP_004388495.1
Cronobacter_sakazakii_696	WP_004388495.1
Cronobacter_sakazakii_701	WP_004388495.1
Cronobacter_sakazakii_E764	WP_004388495.1
Cronobacter_sakazakii_ES15	WP_004388495.1
Cronobacter_sakazakii_ES35	WP_004388495.1
Cronobacter_sakazakii_ES713	WP_004388495.1
Cronobacter_sakazakii_SP291	WP_004388495.1
Edwardsiella_tarda_C07_087	WP_015462554.1
Edwardsiella_tarda_DT	WP_005290993.1
Edwardsiella_tarda_EIB202	WP_012850250.1
Edwardsiella_tarda_NBRC_105688	WP_005290993.1
Enterobacter_aerogenes_EA1509E	WP_004106845.1
Enterobacter_aerogenes_FGI35	WP_004106845.1
Enterobacter_cloacae_subsp_cloacae_08XA1	WP_022646641.1
Enterobacter_cloacae_subsp_cloacae_ENHKU01	WP_008502718.1
Enterobacter_cloacae_subsp_dissolvens_SDM	WP_014830172.1
Enterobacter_hormaechei_ATCC_49162	WP_032674179.1
Enterococcus_casseliflavus_EC10	WP_034868974.1
Enterococcus_casseliflavus_EC20	WP_026008130.1
Escherichia_coli_B185	WP_001277565.1
Escherichia_coli_DEC15A	WP_001277568.1
Escherichia_coli_DEC7A	WP_001277567.1
Escherichia_coli_DEC7C	WP_001277567.1
Escherichia_coli_DEC7D	WP_001277567.1
Escherichia_coli_DEC7E	WP_001277567.1
Escherichia_coli_E101	WP_001277565.1
Escherichia_coli_E1520	WP_001277563.1
Escherichia_coli_EPECa12	WP_001277567.1
Escherichia_coli_H299	WP_001277560.1
Escherichia_coli_KTE112	WP_001277565.1
Escherichia_coli_KTE129	WP_001540075.1
Escherichia_coli_KTE157	WP_001540075.1
Escherichia_coli_KTE182	WP_001540075.1
Escherichia_coli_KTE193	WP_001277565.1
Escherichia_coli_KTE205	WP_001540075.1
Escherichia_coli_KTE219	WP_001540075.1
Escherichia_coli_KTE33	WP_001277564.1
Escherichia_coli_KTE57	WP_001540075.1
Escherichia_coli_KTE85	WP_001540075.1
Fusobacterium_nucleatum_subsp_polymorphum_ATCC_10953	WP_005898109.1
Fusobacterium_periodonticum_ATCC_33693	WP_005972717.1
Gemella_haemolysans_M341	WP_003147389.1
Haemophilus_haemolyticus_HK386	WP_005646143.1
Haemophilus_haemolyticus_M21127	WP_005632958.1
Haemophilus_haemolyticus_M21639	WP_005641018.1
Haemophilus_parainfluenzae_ATCC_33392	WP_005695011.1
Haemophilus_parainfluenzae_HK2019	WP_005697979.1
Haemophilus_parainfluenzae_HK262	WP_005697979.1
Haemophilus_sputorum_HK_2154	WP_007526671.1
Helicobacter_pylori_35A	WP_000886311.1
Helicobacter_pylori_51	WP_000886322.1
Helicobacter_pylori_52	WP_000886324.1
Helicobacter_pylori_83	WP_000886324.1
Helicobacter_pylori_8A3	WP_000886326.1
Helicobacter_pylori_98_10	WP_000886323.1
Helicobacter_pylori_Aklavik117	WP_000886316.1
Helicobacter_pylori_Aklavik86	WP_015087576.1
Helicobacter_pylori_B38	WP_000886310.1
Helicobacter_pylori_BCS100H1	WP_000886326.1
Helicobacter_pylori_CCHI_33	WP_000886345.1
Helicobacter_pylori_CPY1124	WP_000886311.1
Helicobacter_pylori_CPY1313	WP_000886324.1
Helicobacter_pylori_CPY1662	WP_000886311.1
Helicobacter_pylori_CPY1962	WP_000886327.1
Helicobacter_pylori_CPY3281	WP_000886313.1
Helicobacter_pylori_CPY6081	WP_000886311.1
Helicobacter_pylori_CPY6261	WP_000886324.1
Helicobacter_pylori_CPY6271	WP_000886318.1
Helicobacter_pylori_CPY6311	WP_000886316.1
Helicobacter_pylori_Cuz20	WP_000886316.1
Helicobacter_pylori_F16	WP_000886316.1
Helicobacter_pylori_F30	WP_000886315.1
Helicobacter_pylori_F32	WP_000886317.1
Helicobacter_pylori_F57	WP_000886316.1
Helicobacter_pylori_G27	WP_000886354.1
Helicobacter_pylori_GAM100Ai	WP_000886350.1
Helicobacter_pylori_GAM101Biv	WP_000886345.1
Helicobacter_pylori_GAM105Ai	WP_000886348.1
Helicobacter_pylori_GAM115Ai	WP_000886350.1
Helicobacter_pylori_GAM118Bi	WP_000886345.1
Helicobacter_pylori_GAM120Ai	WP_000886350.1
Helicobacter_pylori_GAM121Aii	WP_000886345.1
Helicobacter_pylori_GAM201Ai	WP_000886345.1
Helicobacter_pylori_GAM210Bi	WP_000886345.1
Helicobacter_pylori_GAM231Ai	WP_000886345.1
Helicobacter_pylori_GAM246Ai	WP_000886345.1
Helicobacter_pylori_GAM254Ai	WP_000886342.1
Helicobacter_pylori_GAM260Bi	WP_000886345.1
Helicobacter_pylori_GAM263BFi	WP_000886345.1
Helicobacter_pylori_GAM264Ai	WP_000886350.1
Helicobacter_pylori_GAM83Bi	WP_000886358.1
Helicobacter_pylori_GAM83T	WP_000886358.1
Helicobacter_pylori_Gambia94_24	WP_000886350.1
Helicobacter_pylori_GAMchJs114i	WP_000886345.1
Helicobacter_pylori_GAMchJs117Ai	WP_000886358.1
Helicobacter_pylori_GAMchJs124i	WP_000886345.1
Helicobacter_pylori_GAMchJs136i	WP_000886350.1
Helicobacter_pylori_HLJHP193	WP_017280790.1
Helicobacter_pylori_HLJHP253	WP_000886323.1
Helicobacter_pylori_HLJHP256	WP_017281875.1
Helicobacter_pylori_HLJHP271	WP_017283306.1
Helicobacter_pylori_HP116Bi	WP_000886345.1
Helicobacter_pylori_HP260Bi	WP_000886345.1
Helicobacter_pylori_HPAG1	WP_000886308.1
Helicobacter_pylori_Hp_A_14	WP_000886353.1
Helicobacter_pylori_Hp_A_16	WP_000886343.1
Helicobacter_pylori_Hp_A_17	WP_000886345.1
Helicobacter_pylori_Hp_A_20	WP_000886345.1
Helicobacter_pylori_Hp_A_26	WP_000886353.1
Helicobacter_pylori_Hp_A_27	WP_000886314.1
Helicobacter_pylori_Hp_A_4	WP_000886350.1
Helicobacter_pylori_Hp_A_8	WP_000886345.1
Helicobacter_pylori_Hp_A_9	WP_000886353.1
Helicobacter_pylori_Hp_H_16	WP_000886350.1
Helicobacter_pylori_Hp_H_19	WP_000886343.1
Helicobacter_pylori_Hp_H_21	WP_000886345.1
Helicobacter_pylori_Hp_H_23	WP_000886345.1
Helicobacter_pylori_Hp_H_24	WP_000886309.1
Helicobacter_pylori_Hp_H_24b	WP_000886309.1
Helicobacter_pylori_Hp_H_24c	WP_000886309.1
Helicobacter_pylori_Hp_H_27	WP_000886306.1
Helicobacter_pylori_Hp_H_28	WP_000886328.1
Helicobacter_pylori_Hp_H_29	WP_000886343.1
Helicobacter_pylori_Hp_H_30	WP_000886347.1
Helicobacter_pylori_Hp_H_34	WP_000886343.1
Helicobacter_pylori_Hp_H_36	WP_000886345.1
Helicobacter_pylori_Hp_H_42	WP_000886338.1
Helicobacter_pylori_Hp_H_43	WP_000886341.1
Helicobacter_pylori_Hp_H_44	WP_000886355.1
Helicobacter_pylori_Hp_H_5b	WP_000886343.1
Helicobacter_pylori_Hp_H_6	WP_000886345.1
Helicobacter_pylori_Hp_M1	WP_000886309.1
Helicobacter_pylori_Hp_M2	WP_000886309.1
Helicobacter_pylori_Hp_M3	WP_000886309.1
Helicobacter_pylori_Hp_M4	WP_000886309.1
Helicobacter_pylori_Hp_M5	WP_000886309.1
Helicobacter_pylori_Hp_M6	WP_000886309.1
Helicobacter_pylori_Hp_M9	WP_000886309.1
Helicobacter_pylori_Hp_P_13	WP_000886348.1
Helicobacter_pylori_Hp_P_13b	WP_000886348.1
Helicobacter_pylori_Hp_P_15	WP_000886338.1
Helicobacter_pylori_Hp_P_15b	WP_000886338.1
Helicobacter_pylori_Hp_P_16	WP_000886338.1
Helicobacter_pylori_Hp_P_23	WP_000886338.1
Helicobacter_pylori_Hp_P_25	WP_000886350.1
Helicobacter_pylori_Hp_P_25c	WP_000886350.1
Helicobacter_pylori_Hp_P_25d	WP_000886350.1
Helicobacter_pylori_Hp_P_30	WP_000886352.1
Helicobacter_pylori_Hp_P_41	WP_000886342.1
Helicobacter_pylori_Hp_P_62	WP_000886345.1
Helicobacter_pylori_Hp_P_74	WP_000886338.1
Helicobacter_pylori_Hp_P_8	WP_000886345.1
Helicobacter_pylori_Hp_P_8b	WP_000886345.1
Helicobacter_pylori_HUP_B14	WP_000886319.1
Helicobacter_pylori_India7	WP_000886330.1
Helicobacter_pylori_NAK7	WP_024112894.1
Helicobacter_pylori_NQ1671	WP_000886343.1
Helicobacter_pylori_NQ1707	WP_000886345.1
Helicobacter_pylori_NQ1712	WP_000886335.1
Helicobacter_pylori_NQ315	WP_000886335.1
Helicobacter_pylori_NQ367	WP_000886343.1
Helicobacter_pylori_NQ392	WP_000886355.1
Helicobacter_pylori_NQ4060	WP_000886345.1
Helicobacter_pylori_NQ4076	WP_000886338.1
Helicobacter_pylori_NQ4099	WP_000886338.1
Helicobacter_pylori_NQ4191	WP_000886343.1
Helicobacter_pylori_NQ4200	WP_000886339.1
Helicobacter_pylori_OK113	WP_000886324.1
Helicobacter_pylori_OK310	WP_000886316.1
Helicobacter_pylori_PeCan4	WP_000886316.1
Helicobacter_pylori_Puno120	WP_000886320.1
Helicobacter_pylori_Puno135	WP_000886316.1
Helicobacter_pylori_R038b	WP_000886358.1
Helicobacter_pylori_R055a	WP_000886338.1
Helicobacter_pylori_R32b	WP_000886340.1
Helicobacter_pylori_Sat464	WP_000886321.1
Helicobacter_pylori_Shi112	WP_000886307.1
Helicobacter_pylori_Shi169	WP_000886316.1
Helicobacter_pylori_Shi417	WP_000886316.1
Helicobacter_pylori_Shi470	WP_000886307.1
Helicobacter_pylori_SJM180	WP_000886316.1
Helicobacter_pylori_SNT49	WP_000886329.1
Helicobacter_pylori_SouthAfrica7	WP_033604224.1
Helicobacter_pylori_UM007	WP_024115587.1
Helicobacter_pylori_UM018	WP_024112894.1
Helicobacter_pylori_UM034	WP_000886323.1
Helicobacter_pylori_UM037	WP_015643831.1
Helicobacter_pylori_UM045	WP_024118343.1
Helicobacter_pylori_UM054	WP_000886334.1
Helicobacter_pylori_UM066	WP_000886311.1
Helicobacter_pylori_UM299	WP_015645908.1
Helicobacter_pylori_v225d	WP_000886316.1
Helicobacter_pylori_XZ274	WP_000886324.1
Klebsiella_pneumoniae_1162281	WP_002922426.1
Klebsiella_pneumoniae_1191100241	WP_002922426.1
Klebsiella_pneumoniae_342	WP_002922426.1
Klebsiella_pneumoniae_361_1301	WP_002922426.1
Klebsiella_pneumoniae_500_1420	WP_002922426.1
Klebsiella_pneumoniae_540_1460	WP_002922426.1
Klebsiella_pneumoniae_646_1568	WP_002922426.1
Klebsiella_pneumoniae_ATCC_25955	WP_002922426.1
Klebsiella_pneumoniae_ATCC_BAA_1705	WP_002922426.1
Klebsiella_pneumoniae_ATCC_BAA_2146	WP_002922426.1
Klebsiella_pneumoniae_DMC0526	WP_002922426.1
Klebsiella_pneumoniae_G5_2	WP_002922426.1
Klebsiella_pneumoniae_hvKP1	WP_002922426.1
Klebsiella_pneumoniae_JH1	WP_002922426.1
Klebsiella_pneumoniae_KCTC_2242	WP_002922426.1
Klebsiella_pneumoniae_KP_11	WP_002922426.1
Klebsiella_pneumoniae_NTUH_K2044	WP_002922426.1
Klebsiella_pneumoniae_subsp_pneumoniae_1084	WP_002922426.1
Klebsiella_pneumoniae_subsp_pneumoniae_12_3578	WP_002922426.1
Klebsiella_pneumoniae_subsp_pneumoniae_DSM_30104	WP_002922426.1
Klebsiella_pneumoniae_subsp_pneumoniae_Ecl8	WP_002922426.1
Klebsiella_pneumoniae_subsp_pneumoniae_KPNIH1	WP_002922426.1
Klebsiella_pneumoniae_subsp_pneumoniae_KPNIH10	WP_002922426.1
Klebsiella_pneumoniae_subsp_pneumoniae_KPNIH11	WP_002922426.1
Klebsiella_pneumoniae_subsp_pneumoniae_KPNIH12	WP_002922426.1
Klebsiella_pneumoniae_subsp_pneumoniae_KPNIH14	WP_002922426.1
Klebsiella_pneumoniae_subsp_pneumoniae_KPNIH16	WP_002922426.1
Klebsiella_pneumoniae_subsp_pneumoniae_KPNIH17	WP_002922426.1
Klebsiella_pneumoniae_subsp_pneumoniae_KPNIH18	WP_002922426.1
Klebsiella_pneumoniae_subsp_pneumoniae_KPNIH19	WP_002922426.1
Klebsiella_pneumoniae_subsp_pneumoniae_KPNIH2	WP_002922426.1
Klebsiella_pneumoniae_subsp_pneumoniae_KPNIH20	WP_002922426.1
Klebsiella_pneumoniae_subsp_pneumoniae_KPNIH21	WP_002922426.1
Klebsiella_pneumoniae_subsp_pneumoniae_KPNIH22	WP_002922426.1
Klebsiella_pneumoniae_subsp_pneumoniae_KPNIH23	WP_002922426.1
Klebsiella_pneumoniae_subsp_pneumoniae_KPNIH4	WP_002922426.1
Klebsiella_pneumoniae_subsp_pneumoniae_KPNIH5	WP_002922426.1
Klebsiella_pneumoniae_subsp_pneumoniae_KPNIH6	WP_002922426.1
Klebsiella_pneumoniae_subsp_pneumoniae_KPNIH7	WP_002922426.1
Klebsiella_pneumoniae_subsp_pneumoniae_KPNIH8	WP_002922426.1
Klebsiella_pneumoniae_subsp_pneumoniae_KPNIH9	WP_002922426.1
Klebsiella_pneumoniae_subsp_pneumoniae_KpQ3	WP_002922426.1
Klebsiella_pneumoniae_subsp_pneumoniae_LZ	WP_002922426.1
Klebsiella_pneumoniae_subsp_pneumoniae_ST258_490	WP_002922426.1
Klebsiella_pneumoniae_subsp_pneumoniae_ST258_K26BO	WP_002922426.1
Klebsiella_pneumoniae_subsp_pneumoniae_ST258_K28BO	WP_002922426.1
Klebsiella_pneumoniae_subsp_pneumoniae_ST512_K30BO	WP_002922426.1
Klebsiella_pneumoniae_subsp_pneumoniae_WGLW1	WP_002922426.1
Klebsiella_pneumoniae_subsp_pneumoniae_WGLW2	WP_002922426.1
Klebsiella_pneumoniae_subsp_pneumoniae_WGLW5	WP_002922426.1
Klebsiella_pneumoniae_subsp_rhinoscleromatis_ATCC_13884	WP_002922426.1
Klebsiella_pneumoniae_UHKPC01	WP_002922426.1
Klebsiella_pneumoniae_UHKPC04	WP_002922426.1
Klebsiella_pneumoniae_UHKPC05	WP_002922426.1
Klebsiella_pneumoniae_UHKPC09	WP_002922426.1
Klebsiella_pneumoniae_UHKPC22	WP_002922426.1
Klebsiella_pneumoniae_UHKPC23	WP_002922426.1
Klebsiella_pneumoniae_UHKPC24	WP_002922426.1
Klebsiella_pneumoniae_UHKPC26	WP_002922426.1
Klebsiella_pneumoniae_UHKPC27	WP_002922426.1
Klebsiella_pneumoniae_UHKPC29	WP_002922426.1
Klebsiella_pneumoniae_UHKPC32	WP_002922426.1
Klebsiella_pneumoniae_UHKPC40	WP_002922426.1
Klebsiella_pneumoniae_UHKPC45	WP_002922426.1
Klebsiella_pneumoniae_UHKPC48	WP_002922426.1
Klebsiella_pneumoniae_UHKPC57	WP_002922426.1
Klebsiella_pneumoniae_UHKPC81	WP_002922426.1
Klebsiella_pneumoniae_UHKPC_52	WP_002922426.1
Klebsiella_pneumoniae_VAKPC252	WP_002922426.1
Klebsiella_pneumoniae_VAKPC254	WP_002922426.1
Klebsiella_pneumoniae_VAKPC269	WP_002922426.1
Klebsiella_pneumoniae_VAKPC270	WP_002922426.1
Klebsiella_pneumoniae_VAKPC276	WP_002922426.1
Klebsiella_pneumoniae_VAKPC278	WP_002922426.1
Klebsiella_pneumoniae_VAKPC280	WP_002922426.1
Klebsiella_pneumoniae_VAKPC297	WP_002922426.1
Klebsiella_pneumoniae_VAKPC309	WP_002922426.1
Klebsiella_quasipneumoniae_700603	WP_002922426.1
Lactococcus_garvieae_21881	WP_017370582.1
Lactococcus_garvieae_8831	WP_017370582.1
Lactococcus_garvieae_DCC43	WP_003134588.1
Lactococcus_garvieae_I113	WP_017370358.1
Lactococcus_garvieae_IPLA_31405	WP_003133482.1
Lactococcus_garvieae_Lg2	WP_003133482.1
Lactococcus_garvieae_LG9	WP_003133482.1
Lactococcus_garvieae_Tac2	WP_017370582.1
Lactococcus_garvieae_TB25	WP_017370582.1
Lactococcus_garvieae_UNIUD074	WP_003133482.1
Leuconostoc_gelidum_KCTC_3527	WP_010015653.1
Listeria_monocytogenes_08_5578	WP_012951129.1
Listeria_monocytogenes_08_5923	WP_012951129.1
Listeria_monocytogenes_10403S	WP_012951129.1
Listeria_monocytogenes_EGD_e	NP_463769.1
Listeria_monocytogenes_F6900	WP_003733937.1
Listeria_monocytogenes_FSL_N3_165	WP_003732828.1
Listeria_monocytogenes_HCC23	WP_003732828.1
Listeria_monocytogenes_J2818	WP_003733937.1
Listeria_monocytogenes_L99	WP_003732828.1
Listeria_monocytogenes_M7	WP_003732828.1
Listeria_monocytogenes_SLCC5850	WP_012951129.1
Lysinibacillus_sphaericus_OT4b_31	WP_036131674.1
Mobiluncus_curtisii_ATCC_51333	WP_004009397.1
Mobiluncus_curtisii_subsp_holmesii_ATCC_35242	WP_004010854.1
Morganella_morganii_SC01	WP_004240115.1
Mycobacterium_avium_104	WP_011724562.1
Mycobacterium_avium_subsp_paratuberculosis_JQ5	WP_003872498.1
Mycobacterium_avium_subsp_paratuberculosis_JQ6	WP_003872498.1
Mycobacterium_avium_subsp_paratuberculosis_K_10	WP_003878311.1
Mycobacterium_avium_subsp_paratuberculosis_MAP4	WP_003878311.1
Mycobacterium_avium_subsp_paratuberculosis_S397	WP_003872498.1
Mycobacterium_avium_subsp_paratuberculosis_S5	WP_003878311.1
Parabacteroides_goldsteinii_CL02T12C30	WP_007657886.1
Peptoniphilus_lacrimalis_315_B	WP_004825706.1
Peptostreptococcus_anaerobius_653_L	WP_002844228.1
Porphyromonas_gingivalis_ATCC_33277	WP_012457349.1
Propionibacterium_avidum_ATCC_25577	WP_015582217.1
Proteus_mirabilis_C05028	WP_004249733.1
Proteus_mirabilis_HI4320	WP_004249733.1
Proteus_mirabilis_PR03	WP_004249733.1
Proteus_mirabilis_WGLW4	WP_004249921.1
Proteus_mirabilis_WGLW6	WP_004249733.1
Providencia_alcalifaciens_Dmel2	WP_006660559.1
Providencia_rettgeri_Dmel1	WP_004906950.1
Providencia_stuartii_MRSN_2154	WP_004924317.1
Pseudomonas_aeruginosa_PAK	WP_003100615.1
Ruminococcus_albus_8	WP_050792259.1
Salmonella_enterica_subsp_enterica_serovar_Anatum_str_06_0532	WP_023243767.1
Salmonella_enterica_subsp_enterica_serovar_Paratyphi_A_str_ATCC_9150	WP_001112110.1
Salmonella_enterica_subsp_houtenae_str_ATCC_BAA_1581	WP_001112115.1
Salmonella_enterica_subsp_salamae_str_3588_07	WP_001277554.1
Staphylococcus_capitis_SK14	WP_002433396.1
Staphylococcus_capitis_VCU116	WP_002433396.1
Staphylococcus_epidermidis_NIHLM031	WP_002501630.1
Staphylococcus_haemolyticus_R1P1	WP_011276732.1
Staphylococcus_hominis_SK119	WP_002449035.1
Staphylococcus_hominis_subsp_hominis_ZBW5	WP_017175307.1
Staphylococcus_hominis_VCU122	WP_002449035.1
Staphylococcus_lugdunensis_ACS_027_V_Sch2	WP_002459950.1
Staphylococcus_lugdunensis_M23590	WP_002459950.1
Staphylococcus_lugdunensis_N920143	WP_002459950.1
Staphylococcus_lugdunensis_VCU139	WP_002459950.1
Staphylococcus_pseudintermedius_ED99	WP_014614764.1
Staphylococcus_pseudintermedius_HKU10_03	WP_014614764.1
Staphylococcus_saprophyticus_subsp_saprophyticus_KACC_16562	WP_037539113.1
Staphylococcus_warneri_L37603	WP_002451204.1
Streptococcus_agalactiae_2603V_R	NP_687240.1
Streptococcus_anginosus_CCUG_39159	WP_003035131.1
Streptococcus_anginosus_F0211	WP_004224199.1
Streptococcus_anginosus_SK1138	WP_003039682.1
Streptococcus_anginosus_SK52	WP_003030876.1
Streptococcus_dysgalactiae_subsp_equisimilis_AC_2713	WP_015057280.1
Streptococcus_dysgalactiae_subsp_equisimilis_ATCC_12394	WP_003061544.1
Streptococcus_dysgalactiae_subsp_equisimilis_GGS_124	WP_003061544.1
Streptococcus_dysgalactiae_subsp_equisimilis_RE378	WP_003061544.1
Streptococcus_dysgalactiae_subsp_equisimilis_SK1250	WP_003061544.1
Streptococcus_gallolyticus_subsp_gallolyticus_TX20005	WP_009853357.1
Streptococcus_gallolyticus_UCN34	WP_009853357.1
Streptococcus_infantarius_subsp_infantarius_CJ18	WP_006531342.1
Streptococcus_infantis_SK1076	WP_006149876.1
Streptococcus_infantis_SK970	WP_006153927.1
Streptococcus_infantis_X	WP_004251281.1
Streptococcus_intermedius_ATCC_27335	WP_003075768.1
Streptococcus_intermedius_F0395	WP_003070672.1
Streptococcus_intermedius_F0413	WP_003074293.1
Streptococcus_mitis_11_5	WP_004255479.1
Streptococcus_mitis_13_39	WP_004263392.1
Streptococcus_mitis_ATCC_6249	WP_000539990.1
Streptococcus_mitis_bv_2_str_F0392	WP_000539957.1
Streptococcus_mitis_bv_2_str_SK95	WP_000539965.1
Streptococcus_mitis_SK1073	WP_000539970.1
Streptococcus_mitis_SK1080	WP_000539985.1
Streptococcus_mitis_SK321	WP_000539984.1
Streptococcus_mitis_SK564	WP_000539982.1
Streptococcus_mitis_SK569	WP_000540001.1
Streptococcus_mitis_SK575	WP_000539971.1
Streptococcus_mitis_SK579	WP_000539976.1
Streptococcus_mitis_SK616	WP_000539980.1
Streptococcus_mitis_SPAR10	WP_004251281.1
Streptococcus_mutans_11A1	WP_002274416.1
Streptococcus_mutans_11SSST2	WP_002275403.1
Streptococcus_mutans_14D	WP_002265713.1
Streptococcus_mutans_15JP3	WP_002263005.1
Streptococcus_mutans_15VF2	WP_002265713.1
Streptococcus_mutans_1SM1	WP_002265713.1
Streptococcus_mutans_21	WP_002265713.1
Streptococcus_mutans_24	WP_002265713.1
Streptococcus_mutans_2ST1	WP_002265713.1
Streptococcus_mutans_2VS1	WP_002265713.1
Streptococcus_mutans_3SN1	WP_002263005.1
Streptococcus_mutans_4SM1	WP_002265713.1
Streptococcus_mutans_4VF1	WP_002265713.1
Streptococcus_mutans_5DC8	WP_002263005.1
Streptococcus_mutans_5SM3	WP_002263005.1
Streptococcus_mutans_66_2A	WP_002265713.1
Streptococcus_mutans_8ID3	WP_002263005.1
Streptococcus_mutans_A19	WP_002265713.1
Streptococcus_mutans_A9	WP_002263005.1
Streptococcus_mutans_AC4446	WP_002265713.1
Streptococcus_mutans_B	WP_002265713.1
Streptococcus_mutans_DSM_20523	WP_002263005.1
Streptococcus_mutans_G123	WP_002265713.1
Streptococcus_mutans_GS_5	WP_002263005.1
Streptococcus_mutans_KK21	WP_002263005.1
Streptococcus_mutans_KK23	WP_002265713.1
Streptococcus_mutans_M21	WP_002265713.1
Streptococcus_mutans_M230	WP_002265713.1
Streptococcus_mutans_M2A	WP_002288055.1
Streptococcus_mutans_N29	WP_002263005.1
Streptococcus_mutans_N3209	WP_002263005.1
Streptococcus_mutans_N34	WP_002265713.1
Streptococcus_mutans_N66	WP_002263005.1
Streptococcus_mutans_NCTC_11060	WP_002265713.1
Streptococcus_mutans_NFSM1	WP_002265713.1
Streptococcus_mutans_NFSM2	WP_002263005.1
Streptococcus_mutans_NLML1	WP_002265713.1
Streptococcus_mutans_NLML4	WP_002265713.1
Streptococcus_mutans_NLML5	WP_002265713.1
Streptococcus_mutans_NLML8	WP_002265713.1
Streptococcus_mutans_NLML9	WP_002265713.1
Streptococcus_mutans_NMT4863	WP_002263005.1
Streptococcus_mutans_NN2025	WP_002265713.1
Streptococcus_mutans_NV1996	WP_002265713.1
Streptococcus_mutans_NVAB	WP_002263005.1
Streptococcus_mutans_OMZ175	WP_002265713.1
Streptococcus_mutans_R221	WP_002265713.1
Streptococcus_mutans_S1B	WP_002265713.1
Streptococcus_mutans_SA38	WP_002265713.1
Streptococcus_mutans_SA41	WP_002265713.1
Streptococcus_mutans_SF1	WP_002265713.1
Streptococcus_mutans_SF12	WP_002263005.1
Streptococcus_mutans_SF14	WP_002265713.1
Streptococcus_mutans_SM1	WP_002265713.1
Streptococcus_mutans_SM4	WP_002265713.1
Streptococcus_mutans_SM6	WP_002265713.1
Streptococcus_mutans_ST1	WP_002263005.1
Streptococcus_mutans_ST6	WP_002265713.1
Streptococcus_mutans_T4	WP_002263005.1
Streptococcus_mutans_TCI_116	WP_002263005.1
Streptococcus_mutans_TCI_123	WP_002265713.1
Streptococcus_mutans_TCI_125	WP_002263005.1
Streptococcus_mutans_TCI_138	WP_002265713.1
Streptococcus_mutans_TCI_145	WP_002265713.1
Streptococcus_mutans_TCI_152	WP_002263005.1
Streptococcus_mutans_TCI_153	WP_002263005.1
Streptococcus_mutans_TCI_163	WP_002263005.1
Streptococcus_mutans_TCI_169	WP_002263005.1
Streptococcus_mutans_TCI_173	WP_002265713.1
Streptococcus_mutans_TCI_177	WP_002265713.1
Streptococcus_mutans_TCI_191	WP_002265713.1
Streptococcus_mutans_TCI_196	WP_002265713.1
Streptococcus_mutans_TCI_219	WP_002265713.1
Streptococcus_mutans_TCI_222	WP_002263005.1
Streptococcus_mutans_TCI_228	WP_002265713.1
Streptococcus_mutans_TCI_234	WP_002265713.1
Streptococcus_mutans_TCI_239	WP_002265713.1
Streptococcus_mutans_TCI_242	WP_002263005.1
Streptococcus_mutans_TCI_243	WP_002263005.1
Streptococcus_mutans_TCI_249	WP_002265713.1
Streptococcus_mutans_TCI_256	WP_002265713.1
Streptococcus_mutans_TCI_268	WP_002265713.1
Streptococcus_mutans_TCI_278	WP_002265713.1
Streptococcus_mutans_TCI_294	WP_002265713.1
Streptococcus_mutans_TCI_30	WP_002265713.1
Streptococcus_mutans_TCI_399	WP_002263005.1
Streptococcus_mutans_TCI_400	WP_002263005.1
Streptococcus_mutans_TCI_51	WP_002263005.1
Streptococcus_mutans_TCI_70	WP_002263005.1
Streptococcus_mutans_TCI_75	WP_002265713.1
Streptococcus_mutans_TCI_78	WP_002265713.1
Streptococcus_mutans_TCI_82	WP_002263005.1
Streptococcus_mutans_TCI_85	WP_002263005.1
Streptococcus_mutans_TCI_86	WP_002265713.1
Streptococcus_mutans_TCI_92	WP_002263005.1
Streptococcus_mutans_TCI_96	WP_002265713.1
Streptococcus_mutans_U138	WP_002265713.1
Streptococcus_mutans_U2A	WP_002265713.1
Streptococcus_mutans_U2B	WP_002263005.1
Streptococcus_mutans_W6	WP_002265713.1
Streptococcus_oralis_ATCC_35037	WP_000539966.1
Streptococcus_oralis_SK10	WP_000539956.1
Streptococcus_oralis_SK100	WP_000539968.1
Streptococcus_oralis_SK1074	WP_000539961.1
Streptococcus_oralis_SK255	WP_000539969.1
Streptococcus_oralis_SK304	WP_000539958.1
Streptococcus_oralis_SK610	WP_000539964.1
Streptococcus_parasanguinis_ATCC_15912	WP_003018264.1
Streptococcus_parasanguinis_F0405	WP_003004527.1
Streptococcus_parasanguinis_FW213	WP_003018264.1
Streptococcus_parasanguinis_SK236	WP_003013745.1
Streptococcus_parauberis_KCTC_11980BP	WP_003104753.1
Streptococcus_parauberis_KRS_02083	WP_003104753.1
Streptococcus_parauberis_KRS_02109	WP_003104753.1
Streptococcus_parauberis_NCFD_2020	WP_003104753.1
Streptococcus_salivarius_K12	WP_002886354.1
Streptococcus_salivarius_M18	WP_002886354.1
Streptococcus_salivarius_PS4	WP_002886354.1
Streptococcus_salivarius_SK126	WP_002886354.1
Streptococcus_sanguinis_ATCC_29667	WP_002899011.1
Streptococcus_sanguinis_ATCC_49296	WP_000539960.1
Streptococcus_sanguinis_SK1	WP_002902281.1
Streptococcus_sanguinis_SK1056	WP_002899011.1
Streptococcus_sanguinis_SK1057	WP_002899011.1
Streptococcus_sanguinis_SK1058	WP_002902281.1
Streptococcus_sanguinis_SK1059	WP_002899011.1
Streptococcus_sanguinis_SK1087	WP_002899011.1
Streptococcus_sanguinis_SK115	WP_002899011.1
Streptococcus_sanguinis_SK150	WP_002899011.1
Streptococcus_sanguinis_SK160	WP_002911670.1
Streptococcus_sanguinis_SK330	WP_002911670.1
Streptococcus_sanguinis_SK340	WP_002899011.1
Streptococcus_sanguinis_SK353	WP_002899011.1
Streptococcus_sanguinis_SK355	WP_002899011.1
Streptococcus_sanguinis_SK405	WP_002899011.1
Streptococcus_sanguinis_SK408	WP_002902281.1
Streptococcus_sanguinis_SK49	WP_002899011.1
Streptococcus_sanguinis_SK678	WP_002902281.1
Streptococcus_sanguinis_SK72	WP_002905377.1
Streptococcus_sanguinis_VMC66	WP_002893783.1
Streptococcus_thermophilus_CNRZ1066	WP_002948444.1
Streptococcus_thermophilus_JIM_8232	WP_002948444.1
Streptococcus_thermophilus_LMD_9	WP_002948444.1
Streptococcus_thermophilus_MN_ZLW_002	WP_002948444.1
Streptococcus_thermophilus_ND03	WP_002948444.1
Streptococcus_vestibularis_ATCC_49124	WP_003092303.1
Vibrio_furnissii_CIP_102972	WP_004728552.1
Vibrio_mimicus_CAIM_602	WP_000806521.1
Vibrio_mimicus_SX_4	WP_000806521.1
Vibrio_mimicus_VM223	WP_000806521.1
Vibrio_mimicus_VM573	WP_000806521.1
Vibrio_mimicus_VM603	WP_000806521.1
Vibrio_parahaemolyticus_AN_5034	WP_005456939.1
Vibrio_parahaemolyticus_BB22OP	WP_005496472.1
Vibrio_parahaemolyticus_PCV08_7	WP_005496472.1
Vibrio_parahaemolyticus_SNUVpS_1	WP_005496472.1
Yersinia_enterocolitica_IP2222	WP_005175907.1
Yersinia_enterocolitica_IP_10393	WP_005164711.1
Yersinia_enterocolitica_NFO	WP_005175907.1
Yersinia_enterocolitica_subsp_enterocolitica_WA_314	WP_005175907.1
Yersinia_enterocolitica_subsp_palearctica_105_5Rr	WP_013649001.1
Yersinia_enterocolitica_subsp_palearctica_556_8265	WP_005164711.1
Yersinia_enterocolitica_subsp_palearctica_647_5307	WP_005164711.1
Yersinia_enterocolitica_subsp_palearctica_PhRBD_Ye1	WP_005164711.1
Yersinia_enterocolitica_subsp_palearctica_Y11	WP_005164711.1
Yersinia_enterocolitica_subsp_palearctica_YE_149	WP_005164711.1
Yersinia_enterocolitica_subsp_palearctica_YE_150	WP_005164711.1
Yersinia_enterocolitica_subsp_palearctica_YE_P1	WP_005164711.1
Yersinia_enterocolitica_subsp_palearctica_YE_P4	WP_005164711.1
Yersinia_enterocolitica_subsp_palearctica_YO527	WP_005164711.1
Yersinia_pseudotuberculosis_B_6863	WP_002208974.1
Yersinia_pseudotuberculosis_B_7194	WP_002208974.1
Yersinia_pseudotuberculosis_B_7195	WP_002208974.1
Yersinia_pseudotuberculosis_IP_31758	WP_002208974.1
Yersinia_pseudotuberculosis_IP_32953	WP_002208974.1
Yersinia_pseudotuberculosis_PB1	WP_002208974.1
